<<<<<<< HEAD
    -- DROP tables if exist
    DROP TABLE IF EXISTS `user`;
    DROP TABLE IF EXISTS `category`;
    DROP TABLE IF EXISTS `menu`;
    DROP TABLE IF EXISTS `option`;
    DROP TABLE IF EXISTS `menu_option_relation`;
    DROP TABLE IF EXISTS `membership`;
    DROP TABLE IF EXISTS `order_history`;
    DROP TABLE IF EXISTS `order_item`;
        -- USER table
    CREATE TABLE `user` (
    `고객 ID` INT NOT NULL COMMENT 'Customer ID',
      `전화번호` VARCHAR(20) NOT NULL COMMENT 'Phone Number',
                         `누적금액` INT COMMENT 'Total Spent',
                              PRIMARY KEY (`고객 ID`)
    ) COMMENT='User Table';
        -- CATEGORY table
    CREATE TABLE `category` (
    `카테고리 ID` INT NOT NULL COMMENT 'Category ID',
    `카테고리명` VARCHAR(50) NOT NULL COMMENT 'Category Name',
                        PRIMARY KEY (`카테고리 ID`)
    ) COMMENT='Category Table';
        -- MENU table
    CREATE TABLE `menu` (
    `메뉴 ID` INT NOT NULL COMMENT 'Menu ID',
      `메뉴명` VARCHAR(100) NOT NULL COMMENT 'Menu Name',
                         `메뉴가격` INT NOT NULL COMMENT 'Price',
                              `카테고리 ID` INT COMMENT 'Category ID',
                                 PRIMARY KEY (`메뉴 ID`)
    ) COMMENT='Menu Table';
        -- OPTION table (수정됨)
    CREATE TABLE `option` (
    `옵션 ID` INT NOT NULL COMMENT 'Option ID',
      `옵션 이름` VARCHAR(100) NOT NULL COMMENT 'Option Name',
                           `옵션 상세` VARCHAR(255) COMMENT 'Option Description',
                                                `필수 여부` BOOLEAN NOT NULL COMMENT 'Is Required Option',
                                                                `옵션 타입` VARCHAR(50) COMMENT 'Option Type (QUANTITY, CHOICE, BOOLEAN, TEXT)',
                                                                                    `최대 수량` INT COMMENT 'Maximum Quantity for QUANTITY type',
                                                                                                `허용 값` VARCHAR(255) COMMENT 'Allowed Values for CHOICE type (comma-separated)',
                                                                                                                    PRIMARY KEY (`옵션 ID`)
    ) COMMENT='Option Table';
        -- MENU-OPTION RELATION table
    CREATE TABLE `menu_option_relation` (
    `옵션 ID` INT NOT NULL,
      `메뉴 ID` INT NOT NULL,
              PRIMARY KEY (`옵션 ID`, `메뉴 ID`)
    ) COMMENT='Menu-Option Relation';
        -- MEMBERSHIP table
    CREATE TABLE `membership` (
    `멤버십 ID` INT NOT NULL COMMENT 'Membership ID',
      `멤버십 이름` VARCHAR(50) NOT NULL COMMENT 'Membership Name',
                           `기준 금액` INT NOT NULL COMMENT 'Threshold Amount',
                                 `고객 ID` INT NOT NULL COMMENT 'Customer ID',
                                     PRIMARY KEY (`멤버십 ID`)
    ) COMMENT='Membership Table';
        -- ORDER HISTORY table
    CREATE TABLE `order_history` (
    `주문 ID` INT NOT NULL COMMENT 'Order ID',
      `고객 ID` INT NOT NULL COMMENT 'Customer ID',
        PRIMARY KEY (`주문 ID`)
    ) COMMENT='Order History Table';
        -- ORDER ITEM table
    CREATE TABLE `order_item` (
    `주문 ID` INT NOT NULL COMMENT 'Order ID',
      `메뉴 ID` INT NOT NULL COMMENT 'Menu ID',
        `주문수량` INT NOT NULL COMMENT 'Quantity',
    `옵션 ID` INT COMMENT 'Option ID',
    `옵션 값` VARCHAR(50) COMMENT 'Selected Option Value',
                       PRIMARY KEY (`주문 ID`, `메뉴 ID`, `옵션 ID`)
    ) COMMENT='Order Item Table';
        -- INSERT INTO USER
    INSERT INTO `user` VALUES (1, '010-1234-5678', 0);
    INSERT INTO `user` VALUES (2, '010-5678-5678', 1000000);
=======
  ALTER TABLE `tbl_order_item`
  DROP CONSTRAINT tbl_order_item_FK2;

  ALTER TABLE `tbl_order_history`
  DROP CONSTRAINT tbl_order_history_FK;

  DROP TABLE IF EXISTS `tbl_order_history`;

  CREATE TABLE `tbl_order_history`
  (
      `orderId`    INT NOT NULL COMMENT '주문 ID',
      `customId`    INT NOT NULL COMMENT '고객 ID',
   PRIMARY KEY ( `orderId` )
  ) COMMENT = '주문내역';

  DROP INDEX `tbl_order_history_PK` ON `tbl_order_history`;

  CREATE UNIQUE INDEX `tbl_order_history_PK` ON `tbl_order_history`
  ( `orderId` );

  ALTER TABLE `tbl_order_history`
   ADD CONSTRAINT `tbl_order_history_PK` PRIMARY KEY ( `orderId` );

  ALTER TABLE `tbl_order_history`
  DROP PRIMARY KEY;

  ALTER TABLE `tbl_order_history`
   ADD CONSTRAINT `tbl_order_history_PK` PRIMARY KEY ( `orderId` );

  ALTER TABLE `tbl_order_history`
  DROP CONSTRAINT tbl_order_history_FK;

  ALTER TABLE `tbl_order_history`
   ADD CONSTRAINT `tbl_order_history_FK` FOREIGN KEY ( `customId` )
   REFERENCES `tbl_user` (`customId` );

  DROP TABLE IF EXISTS `tbl_order_history`;
>>>>>>> d7a4a0db79352fea65231d01010943fc0553b958


  ALTER TABLE `tbl_order_item`
  DROP CONSTRAINT tbl_order_item_FK;

  ALTER TABLE `tbl_order_item`
  DROP CONSTRAINT tbl_order_item_FK1;

  ALTER TABLE `tbl_order_item`
  DROP CONSTRAINT tbl_order_item_FK2;

  DROP TABLE IF EXISTS `tbl_order_item`;

  CREATE TABLE `tbl_order_item`
  (
      `orderId`    INT NOT NULL COMMENT '주문 ID',
      `menuId`    INT NOT NULL COMMENT '메뉴 ID',
      `orderQuan`    INT NOT NULL COMMENT '주문수량',
      `optionId`    INT NOT NULL COMMENT '옵션 ID',
   PRIMARY KEY ( `orderId`,`menuId` )
  ) COMMENT = '주문 아이템';

  DROP INDEX `tbl_order_item_PK` ON `tbl_order_item`;

  CREATE UNIQUE INDEX `tbl_order_item_PK` ON `tbl_order_item`
  ( `orderId`,`menuId` );

  ALTER TABLE `tbl_order_item`
   ADD CONSTRAINT `tbl_order_item_PK` PRIMARY KEY ( `orderId`,`menuId` );

  ALTER TABLE `tbl_order_item`
  DROP PRIMARY KEY;

  ALTER TABLE `tbl_order_item`
   ADD CONSTRAINT `tbl_order_item_PK` PRIMARY KEY ( `orderId`,`menuId` );

  ALTER TABLE `tbl_order_item`
  DROP CONSTRAINT tbl_order_item_FK;

  ALTER TABLE `tbl_order_item`
   ADD CONSTRAINT `tbl_order_item_FK` FOREIGN KEY ( `menuId` )
   REFERENCES `tbl_menu` (`menuId` );

  ALTER TABLE `tbl_order_item`
  DROP CONSTRAINT tbl_order_item_FK1;

  ALTER TABLE `tbl_order_item`
   ADD CONSTRAINT `tbl_order_item_FK1` FOREIGN KEY ( `optionId` )
   REFERENCES `tbl_option` (`optionId` );

  ALTER TABLE `tbl_order_item`
  DROP CONSTRAINT tbl_order_item_FK2;

  ALTER TABLE `tbl_order_item`
   ADD CONSTRAINT `tbl_order_item_FK2` FOREIGN KEY ( `orderId` )
   REFERENCES `tbl_order_history` (`orderId` );

  DROP TABLE IF EXISTS `tbl_order_item`;


  ALTER TABLE `tbl_relation`
  DROP CONSTRAINT tbl_relation_FK;

<<<<<<< HEAD
        -- INSERT INTO OPTION (수정됨: 옵션 타입, 최대 수량, 허용 값 추가)
        -- 필수 옵션
    INSERT INTO `option` VALUES (101, '포장/매장', '포장 또는 매장 이용 여부', TRUE, 'CHOICE', NULL, 'Takeout,매장');
    INSERT INTO `option` VALUES (102, '컵 사이즈', '컵 사이즈 선택', TRUE, 'CHOICE', NULL, 'Small,Medium,Large');
    INSERT INTO `option` VALUES (103, 'ICED/HOT', 'ICED 또는 HOT 선택', TRUE, 'CHOICE', NULL, 'ICED,HOT');

        -- 선택 옵션
    INSERT INTO `option` VALUES (201, '에스프레소 샷', '에스프레소 샷 추가/빼기 (0~10)', FALSE, 'QUANTITY', 10, NULL);
    INSERT INTO `option` VALUES (202, '시럽', '시럽 추가/빼기 (0~10)', FALSE, 'QUANTITY', 10, NULL);
    INSERT INTO `option` VALUES (203, '얼음', '얼음 양 선택 (없음, 보통, 많이)', FALSE, 'CHOICE', NULL, '없음,보통,많이');

    INSERT INTO `menu_option_relation` VALUES (101, 1);
    INSERT INTO `menu_option_relation` VALUES (102, 1);
    INSERT INTO `menu_option_relation` VALUES (103, 1);
    INSERT INTO `menu_option_relation` VALUES (101, 2);
    INSERT INTO `menu_option_relation` VALUES (102, 2);
    INSERT INTO `menu_option_relation` VALUES (103, 2);
    INSERT INTO `menu_option_relation` VALUES (101, 3);
    INSERT INTO `menu_option_relation` VALUES (102, 3);
    INSERT INTO `menu_option_relation` VALUES (103, 3);
    INSERT INTO `menu_option_relation` VALUES (101, 4);
    INSERT INTO `menu_option_relation` VALUES (102, 4);
    INSERT INTO `menu_option_relation` VALUES (103, 4);
    INSERT INTO `menu_option_relation` VALUES (101, 5);
    INSERT INTO `menu_option_relation` VALUES (102, 5);
    INSERT INTO `menu_option_relation` VALUES (103, 5);
    INSERT INTO `menu_option_relation` VALUES (101, 6);
    INSERT INTO `menu_option_relation` VALUES (102, 6);
    INSERT INTO `menu_option_relation` VALUES (103, 6);
    INSERT INTO `menu_option_relation` VALUES (101, 8);
    INSERT INTO `menu_option_relation` VALUES (102, 8);
    INSERT INTO `menu_option_relation` VALUES (103, 8);
    INSERT INTO `menu_option_relation` VALUES (101, 9);
    INSERT INTO `menu_option_relation` VALUES (102, 9);
    INSERT INTO `menu_option_relation` VALUES (103, 9);
    INSERT INTO `menu_option_relation` VALUES (101, 10);
    INSERT INTO `menu_option_relation` VALUES (102, 10);
    INSERT INTO `menu_option_relation` VALUES (103, 10);
    INSERT INTO `menu_option_relation` VALUES (101, 11);
    INSERT INTO `menu_option_relation` VALUES (102, 11);
    INSERT INTO `menu_option_relation` VALUES (103, 11);
    INSERT INTO `menu_option_relation` VALUES (101, 12);
    INSERT INTO `menu_option_relation` VALUES (102, 12);
    INSERT INTO `menu_option_relation` VALUES (103, 12);
    INSERT INTO `menu_option_relation` VALUES (101, 13);
    INSERT INTO `menu_option_relation` VALUES (102, 13);
    INSERT INTO `menu_option_relation` VALUES (103, 13);
    INSERT INTO `menu_option_relation` VALUES (101, 15);
    INSERT INTO `menu_option_relation` VALUES (102, 15);
    INSERT INTO `menu_option_relation` VALUES (103, 15);
    INSERT INTO `menu_option_relation` VALUES (101, 16);
    INSERT INTO `menu_option_relation` VALUES (102, 16);
    INSERT INTO `menu_option_relation` VALUES (103, 16);
    INSERT INTO `menu_option_relation` VALUES (101, 17);
    INSERT INTO `menu_option_relation` VALUES (102, 17);
    INSERT INTO `menu_option_relation` VALUES (103, 17);
    INSERT INTO `menu_option_relation` VALUES (101, 18);
    INSERT INTO `menu_option_relation` VALUES (102, 18);
    INSERT INTO `menu_option_relation` VALUES (103, 18);
    INSERT INTO `menu_option_relation` VALUES (101, 19);
    INSERT INTO `menu_option_relation` VALUES (102, 19);
    INSERT INTO `menu_option_relation` VALUES (103, 19);
    INSERT INTO `menu_option_relation` VALUES (101, 20);
    INSERT INTO `menu_option_relation` VALUES (102, 20);
    INSERT INTO `menu_option_relation` VALUES (103, 20);
    INSERT INTO `menu_option_relation` VALUES (101, 21);
    INSERT INTO `menu_option_relation` VALUES (102, 21);
    INSERT INTO `menu_option_relation` VALUES (103, 21);
    INSERT INTO `menu_option_relation` VALUES (101, 22);
    INSERT INTO `menu_option_relation` VALUES (102, 22);
    INSERT INTO `menu_option_relation` VALUES (103, 22);
    INSERT INTO `menu_option_relation` VALUES (101, 23);
    INSERT INTO `menu_option_relation` VALUES (102, 23);
    INSERT INTO `menu_option_relation` VALUES (103, 23);
    INSERT INTO `menu_option_relation` VALUES (101, 24);
    INSERT INTO `menu_option_relation` VALUES (102, 24);
    INSERT INTO `menu_option_relation` VALUES (103, 24);
    INSERT INTO `menu_option_relation` VALUES (101, 25);
    INSERT INTO `menu_option_relation` VALUES (102, 25);
    INSERT INTO `menu_option_relation` VALUES (103, 25);
    INSERT INTO `menu_option_relation` VALUES (101, 26);
    INSERT INTO `menu_option_relation` VALUES (102, 26);
    INSERT INTO `menu_option_relation` VALUES (103, 26);
    INSERT INTO `menu_option_relation` VALUES (101, 27);
    INSERT INTO `menu_option_relation` VALUES (102, 27);
    INSERT INTO `menu_option_relation` VALUES (103, 27);
    INSERT INTO `menu_option_relation` VALUES (101, 30);
    INSERT INTO `menu_option_relation` VALUES (102, 30);
    INSERT INTO `menu_option_relation` VALUES (103, 30);
    INSERT INTO `menu_option_relation` VALUES (101, 32);
    INSERT INTO `menu_option_relation` VALUES (102, 32);
    INSERT INTO `menu_option_relation` VALUES (103, 32);
    INSERT INTO `menu_option_relation` VALUES (101, 33);
    INSERT INTO `menu_option_relation` VALUES (102, 33);
    INSERT INTO `menu_option_relation` VALUES (103, 33);
    INSERT INTO `menu_option_relation` VALUES (101, 34);
    INSERT INTO `menu_option_relation` VALUES (102, 34);
    INSERT INTO `menu_option_relation` VALUES (103, 34);
    INSERT INTO `menu_option_relation` VALUES (101, 35);
    INSERT INTO `menu_option_relation` VALUES (102, 35);
    INSERT INTO `menu_option_relation` VALUES (103, 35);
    INSERT INTO `menu_option_relation` VALUES (101, 36);
    INSERT INTO `menu_option_relation` VALUES (102, 36);
    INSERT INTO `menu_option_relation` VALUES (103, 36);
    INSERT INTO `menu_option_relation` VALUES (101, 37);
    INSERT INTO `menu_option_relation` VALUES (102, 37);
    INSERT INTO `menu_option_relation` VALUES (103, 37);
    INSERT INTO `menu_option_relation` VALUES (101, 38);
    INSERT INTO `menu_option_relation` VALUES (102, 38);
    INSERT INTO `menu_option_relation` VALUES (103, 38);
    INSERT INTO `menu_option_relation` VALUES (101, 39);
    INSERT INTO `menu_option_relation` VALUES (102, 39);
    INSERT INTO `menu_option_relation` VALUES (103, 39);
    INSERT INTO `menu_option_relation` VALUES (101, 40);
    INSERT INTO `menu_option_relation` VALUES (102, 40);
    INSERT INTO `menu_option_relation` VALUES (103, 40);
    INSERT INTO `menu_option_relation` VALUES (101, 41);
    INSERT INTO `menu_option_relation` VALUES (102, 41);
    INSERT INTO `menu_option_relation` VALUES (103, 41);
    INSERT INTO `menu_option_relation` VALUES (101, 42);
    INSERT INTO `menu_option_relation` VALUES (102, 42);
    INSERT INTO `menu_option_relation` VALUES (103, 42);
    INSERT INTO `menu_option_relation` VALUES (101, 43);
    INSERT INTO `menu_option_relation` VALUES (102, 43);
    INSERT INTO `menu_option_relation` VALUES (103, 43);
    INSERT INTO `menu_option_relation` VALUES (101, 44);
    INSERT INTO `menu_option_relation` VALUES (102, 44);
    INSERT INTO `menu_option_relation` VALUES (103, 44);
        -- 선택 옵션 "에스프레소 샷" (ID 201)을 모든 메뉴에 연결
    INSERT INTO `menu_option_relation` VALUES (201, 1);
    INSERT INTO `menu_option_relation` VALUES (201, 2);
    INSERT INTO `menu_option_relation` VALUES (201, 3);
    INSERT INTO `menu_option_relation` VALUES (201, 4);
    INSERT INTO `menu_option_relation` VALUES (201, 5);
    INSERT INTO `menu_option_relation` VALUES (201, 6);
    INSERT INTO `menu_option_relation` VALUES (201, 8);
    INSERT INTO `menu_option_relation` VALUES (201, 9);
    INSERT INTO `menu_option_relation` VALUES (201, 10);
    INSERT INTO `menu_option_relation` VALUES (201, 11);
    INSERT INTO `menu_option_relation` VALUES (201, 12);
    INSERT INTO `menu_option_relation` VALUES (201, 13);
    INSERT INTO `menu_option_relation` VALUES (201, 15);
    INSERT INTO `menu_option_relation` VALUES (201, 16);
    INSERT INTO `menu_option_relation` VALUES (201, 17);
    INSERT INTO `menu_option_relation` VALUES (201, 18);
    INSERT INTO `menu_option_relation` VALUES (201, 19);
    INSERT INTO `menu_option_relation` VALUES (201, 20);
    INSERT INTO `menu_option_relation` VALUES (201, 21);
    INSERT INTO `menu_option_relation` VALUES (201, 22);
    INSERT INTO `menu_option_relation` VALUES (201, 23);
    INSERT INTO `menu_option_relation` VALUES (201, 24);
    INSERT INTO `menu_option_relation` VALUES (201, 25);
    INSERT INTO `menu_option_relation` VALUES (201, 26);
    INSERT INTO `menu_option_relation` VALUES (201, 27);
    INSERT INTO `menu_option_relation` VALUES (201, 30);
    INSERT INTO `menu_option_relation` VALUES (201, 32);
    INSERT INTO `menu_option_relation` VALUES (201, 33);
    INSERT INTO `menu_option_relation` VALUES (201, 34);
    INSERT INTO `menu_option_relation` VALUES (201, 35);
    INSERT INTO `menu_option_relation` VALUES (201, 36);
    INSERT INTO `menu_option_relation` VALUES (201, 37);
    INSERT INTO `menu_option_relation` VALUES (201, 38);
    INSERT INTO `menu_option_relation` VALUES (201, 39);
    INSERT INTO `menu_option_relation` VALUES (201, 40);
    INSERT INTO `menu_option_relation` VALUES (201, 41);
    INSERT INTO `menu_option_relation` VALUES (201, 42);
    INSERT INTO `menu_option_relation` VALUES (201, 43);
    INSERT INTO `menu_option_relation` VALUES (201, 44);
        -- 선택 옵션 "시럽" (ID 202)을 모든 메뉴에 연결
    INSERT INTO `menu_option_relation` VALUES (202, 1);
    INSERT INTO `menu_option_relation` VALUES (202, 2);
    INSERT INTO `menu_option_relation` VALUES (202, 3);
    INSERT INTO `menu_option_relation` VALUES (202, 4);
    INSERT INTO `menu_option_relation` VALUES (202, 5);
    INSERT INTO `menu_option_relation` VALUES (202, 6);
    INSERT INTO `menu_option_relation` VALUES (202, 8);
    INSERT INTO `menu_option_relation` VALUES (202, 9);
    INSERT INTO `menu_option_relation` VALUES (202, 10);
    INSERT INTO `menu_option_relation` VALUES (202, 11);
    INSERT INTO `menu_option_relation` VALUES (202, 12);
    INSERT INTO `menu_option_relation` VALUES (202, 13);
    INSERT INTO `menu_option_relation` VALUES (202, 15);
    INSERT INTO `menu_option_relation` VALUES (202, 16);
    INSERT INTO `menu_option_relation` VALUES (202, 17);
    INSERT INTO `menu_option_relation` VALUES (202, 18);
    INSERT INTO `menu_option_relation` VALUES (202, 19);
    INSERT INTO `menu_option_relation` VALUES (202, 20);
    INSERT INTO `menu_option_relation` VALUES (202, 21);
    INSERT INTO `menu_option_relation` VALUES (202, 22);
    INSERT INTO `menu_option_relation` VALUES (202, 23);
    INSERT INTO `menu_option_relation` VALUES (202, 24);
    INSERT INTO `menu_option_relation` VALUES (202, 25);
    INSERT INTO `menu_option_relation` VALUES (202, 26);
    INSERT INTO `menu_option_relation` VALUES (202, 27);
    INSERT INTO `menu_option_relation` VALUES (202, 30);
    INSERT INTO `menu_option_relation` VALUES (202, 32);
    INSERT INTO `menu_option_relation` VALUES (202, 33);
    INSERT INTO `menu_option_relation` VALUES (202, 34);
    INSERT INTO `menu_option_relation` VALUES (202, 35);
    INSERT INTO `menu_option_relation` VALUES (202, 36);
    INSERT INTO `menu_option_relation` VALUES (202, 37);
    INSERT INTO `menu_option_relation` VALUES (202, 38);
    INSERT INTO `menu_option_relation` VALUES (202, 39);
    INSERT INTO `menu_option_relation` VALUES (202, 40);
    INSERT INTO `menu_option_relation` VALUES (202, 41);
    INSERT INTO `menu_option_relation` VALUES (202, 42);
    INSERT INTO `menu_option_relation` VALUES (202, 43);
    INSERT INTO `menu_option_relation` VALUES (202, 44);

        -- 선택 옵션 "얼음" (ID 203)을 모든 메뉴에 연결 (HOT 메뉴에는 의미가 없을 수 있음)
    INSERT INTO `menu_option_relation` VALUES (203, 1);
    INSERT INTO `menu_option_relation` VALUES (203, 2);
    INSERT INTO `menu_option_relation` VALUES (203, 3);
    INSERT INTO `menu_option_relation` VALUES (203, 4);
    INSERT INTO `menu_option_relation` VALUES (203, 5);
    INSERT INTO `menu_option_relation` VALUES (203, 6);
    INSERT INTO `menu_option_relation` VALUES (203, 8);
    INSERT INTO `menu_option_relation` VALUES (203, 9);
    INSERT INTO `menu_option_relation` VALUES (203, 10);
    INSERT INTO `menu_option_relation` VALUES (203, 11);
    INSERT INTO `menu_option_relation` VALUES (203, 12);
    INSERT INTO `menu_option_relation` VALUES (203, 13);
    INSERT INTO `menu_option_relation` VALUES (203, 15);
    INSERT INTO `menu_option_relation` VALUES (203, 16);
    INSERT INTO `menu_option_relation` VALUES (203, 17);
    INSERT INTO `menu_option_relation` VALUES (203, 18);
    INSERT INTO `menu_option_relation` VALUES (203, 19);
    INSERT INTO `menu_option_relation` VALUES (203, 20);
    INSERT INTO `menu_option_relation` VALUES (203, 21);
    INSERT INTO `menu_option_relation` VALUES (203, 22);
    INSERT INTO `menu_option_relation` VALUES (203, 23);
    INSERT INTO `menu_option_relation` VALUES (203, 24);
    INSERT INTO `menu_option_relation` VALUES (203, 25);
    INSERT INTO `menu_option_relation` VALUES (203, 26);
    INSERT INTO `menu_option_relation` VALUES (203, 27);
    INSERT INTO `menu_option_relation` VALUES (203, 30);
    INSERT INTO `menu_option_relation` VALUES (203, 32);
    INSERT INTO `menu_option_relation` VALUES (203, 33);
    INSERT INTO `menu_option_relation` VALUES (203, 34);
    INSERT INTO `menu_option_relation` VALUES (203, 35);
    INSERT INTO `menu_option_relation` VALUES (203, 36);
    INSERT INTO `menu_option_relation` VALUES (203, 37);
    INSERT INTO `menu_option_relation` VALUES (203, 38);
    INSERT INTO `menu_option_relation` VALUES (203, 39);
    INSERT INTO `menu_option_relation` VALUES (203, 40);
    INSERT INTO `menu_option_relation` VALUES (203, 41);
    INSERT INTO `menu_option_relation` VALUES (203, 42);
    INSERT INTO `menu_option_relation` VALUES (203, 43);
    INSERT INTO `menu_option_relation` VALUES (203, 44);
=======
  ALTER TABLE `tbl_relation`
  DROP CONSTRAINT tbl_relation_FK1;

  DROP TABLE IF EXISTS `tbl_relation`;

  CREATE TABLE `tbl_relation`
  (
      `optionId`    INT NOT NULL COMMENT '옵션 ID',
      `menuId`    INT NOT NULL COMMENT '메뉴 ID',
   PRIMARY KEY ( `optionId`,`menuId` )
  ) COMMENT = 'M-O_Relation';

  DROP INDEX `tbl_relation_PK` ON `tbl_relation`;

  CREATE UNIQUE INDEX `tbl_relation_PK` ON `tbl_relation`
  ( `optionId`,`menuId` );

  ALTER TABLE `tbl_relation`
   ADD CONSTRAINT `tbl_relation_PK` PRIMARY KEY ( `optionId`,`menuId` );

  ALTER TABLE `tbl_relation`
  DROP PRIMARY KEY;

  ALTER TABLE `tbl_relation`
   ADD CONSTRAINT `tbl_relation_PK` PRIMARY KEY ( `optionId`,`menuId` );

  ALTER TABLE `tbl_relation`
  DROP CONSTRAINT tbl_relation_FK;

  ALTER TABLE `tbl_relation`
   ADD CONSTRAINT `tbl_relation_FK` FOREIGN KEY ( `menuId` )
   REFERENCES `tbl_menu` (`menuId` );

  ALTER TABLE `tbl_relation`
  DROP CONSTRAINT tbl_relation_FK1;

  ALTER TABLE `tbl_relation`
   ADD CONSTRAINT `tbl_relation_FK1` FOREIGN KEY ( `optionId` )
   REFERENCES `tbl_option` (`optionId` );

  DROP TABLE IF EXISTS `tbl_relation`;


  ALTER TABLE `tbl_menu`
  DROP CONSTRAINT tbl_menu_FK;

  DROP TABLE IF EXISTS `tbl_category`;

  CREATE TABLE `tbl_category`
  (
      `categoryId`    INT NOT NULL COMMENT '카테고리 ID',
      `categoryName`    VARCHAR NOT NULL COMMENT '카테고리명',
   PRIMARY KEY ( `categoryId` )
  ) COMMENT = '카테고리';

  DROP INDEX `tbl_category_PK` ON `tbl_category`;

  CREATE UNIQUE INDEX `tbl_category_PK` ON `tbl_category`
  ( `categoryId` );

  ALTER TABLE `tbl_category`
   ADD CONSTRAINT `tbl_category_PK` PRIMARY KEY ( `categoryId` );

  ALTER TABLE `tbl_category`
  DROP PRIMARY KEY;

  ALTER TABLE `tbl_category`
   ADD CONSTRAINT `tbl_category_PK` PRIMARY KEY ( `categoryId` );

  DROP TABLE IF EXISTS `tbl_category`;


  ALTER TABLE `tbl_membership`
  DROP CONSTRAINT tbl_membership_FK;

  DROP TABLE IF EXISTS `tbl_membership`;

  CREATE TABLE `tbl_membership`
  (
      `membershipId`    INT NOT NULL COMMENT '멤버십 ID',
      `membershipName`    VARCHAR NOT NULL COMMENT '멤버십 이름',
      `defaultPrice`    INT NOT NULL COMMENT '기준 금액',
      `customId`    INT NOT NULL COMMENT '고객 ID',
   PRIMARY KEY ( `membershipId` )
  ) COMMENT = '멤버십';

  DROP INDEX `tbl_membership_PK` ON `tbl_membership`;

  CREATE UNIQUE INDEX `tbl_membership_PK` ON `tbl_membership`
  ( `membershipId` );

  ALTER TABLE `tbl_membership`
   ADD CONSTRAINT `tbl_membership_PK` PRIMARY KEY ( `membershipId` );

  ALTER TABLE `tbl_membership`
  DROP PRIMARY KEY;

  ALTER TABLE `tbl_membership`
   ADD CONSTRAINT `tbl_membership_PK` PRIMARY KEY ( `membershipId` );

  ALTER TABLE `tbl_membership`
  DROP CONSTRAINT tbl_membership_FK;

  ALTER TABLE `tbl_membership`
   ADD CONSTRAINT `tbl_membership_FK` FOREIGN KEY ( `customId` )
   REFERENCES `tbl_user` (`customId` );

  DROP TABLE IF EXISTS `tbl_membership`;


  ALTER TABLE `tbl_relation`
  DROP CONSTRAINT tbl_relation_FK1;

  ALTER TABLE `tbl_order_item`
  DROP CONSTRAINT tbl_order_item_FK1;

  DROP TABLE IF EXISTS `tbl_option`;

  -- (수정됨: 옵션 타입, 최대 수량, 허용 값 추가)
  CREATE TABLE `tbl_option`
  (
      `optionId`    INT NOT NULL COMMENT '옵션 ID',
      `optionName`    VARCHAR NOT NULL COMMENT '옵션 이름',
      `optionDetail`    VARCHAR COMMENT '옵션 상세',
      `requiredOption` BOOLEAN NOT NULL,
      `optionType` VARCHAR(50) COMMENT 'Quantity, CHOICE, BOOLEAN, TEXT',
      `maxQuantity` INT,
      `allowValue` VARCHAR(255)
   PRIMARY KEY ( `optionId` )
  ) COMMENT = '옵션';

  DROP INDEX `tbl_option_PK` ON `tbl_option`;

  CREATE UNIQUE INDEX `tbl_option_PK` ON `tbl_option`
  ( `optionId` );

  ALTER TABLE `tbl_option`
   ADD CONSTRAINT `tbl_option_PK` PRIMARY KEY ( `optionId` );

  ALTER TABLE `tbl_option`
  DROP PRIMARY KEY;

  ALTER TABLE `tbl_option`
   ADD CONSTRAINT `tbl_option_PK` PRIMARY KEY ( `optionId` );

  DROP TABLE IF EXISTS `tbl_option`;


  ALTER TABLE `tbl_relation`
  DROP CONSTRAINT tbl_relation_FK;

  ALTER TABLE `tbl_order_item`
  DROP CONSTRAINT tbl_order_item_FK;

  ALTER TABLE `tbl_menu`
  DROP CONSTRAINT tbl_menu_FK;

  DROP TABLE IF EXISTS `tbl_menu`;

  CREATE TABLE `tbl_menu`
  (
      `menuId`    INT NOT NULL COMMENT '메뉴 ID',
      `menuName`    VARCHAR NOT NULL COMMENT '메뉴명',
      `menuPrice`    VARCHAR NOT NULL COMMENT '메뉴가격',
      `categoryId`    INT COMMENT '카테고리 ID',
   PRIMARY KEY ( `menuId` )
  ) COMMENT = '메뉴';

  DROP INDEX `tbl_menu_PK` ON `tbl_menu`;

  CREATE UNIQUE INDEX `tbl_menu_PK` ON `tbl_menu`
  ( `menuId` );

  ALTER TABLE `tbl_menu`
   ADD CONSTRAINT `tbl_menu_PK` PRIMARY KEY ( `menuId` );

  ALTER TABLE `tbl_menu`
  DROP PRIMARY KEY;

  ALTER TABLE `tbl_menu`
   ADD CONSTRAINT `tbl_menu_PK` PRIMARY KEY ( `menuId` );

  ALTER TABLE `tbl_menu`
  DROP CONSTRAINT tbl_menu_FK;

  ALTER TABLE `tbl_menu`
   ADD CONSTRAINT `tbl_menu_FK` FOREIGN KEY ( `categoryId` )
   REFERENCES `tbl_category` (`categoryId` );

  DROP TABLE IF EXISTS `tbl_menu`;


  ALTER TABLE `tbl_order_history`
  DROP CONSTRAINT tbl_order_history_FK;

  ALTER TABLE `tbl_membership`
  DROP CONSTRAINT tbl_membership_FK;

  DROP TABLE IF EXISTS `tbl_user`;

  CREATE TABLE `tbl_user`
  (
      `customId`    INT NOT NULL COMMENT '고객 ID',
      `phone`    VARCHAR NOT NULL COMMENT '전화번호',
      `total`    INT COMMENT '누적금액',
   PRIMARY KEY ( `customId` )
  ) COMMENT = '사용자';

  DROP INDEX `tbl_user_PK` ON `tbl_user`;

  CREATE UNIQUE INDEX `tbl_user_PK` ON `tbl_user`
  ( `customId` );

  ALTER TABLE `tbl_user`
   ADD CONSTRAINT `tbl_user_PK` PRIMARY KEY ( `customId` );

  ALTER TABLE `tbl_user`
  DROP PRIMARY KEY;

  ALTER TABLE `tbl_user`
   ADD CONSTRAINT `tbl_user_PK` PRIMARY KEY ( `customId` );

  DROP TABLE IF EXISTS `tbl_user`;



          -- INSERT INTO tbl_user
  INSERT INTO `tbl_user` VALUES (1, '010-1234-5678', 0);
  INSERT INTO `tbl_user` VALUES (2, '010-5678-5678', 1000000);


    -- INSERT INTO tbl_category
INSERT INTO `tbl_category` VALUES (1, 'Espresso');
INSERT INTO `tbl_category` VALUES (2, 'Latte');
INSERT INTO `tbl_category` VALUES (3, 'Cold Brew');
INSERT INTO `tbl_category` VALUES (4, 'Cart');
INSERT INTO `tbl_category` VALUES (5, 'Waiting');
INSERT INTO `tbl_category` VALUES (6, 'Exiting');


    -- INSERT INTO tbl_menu
INSERT INTO `tbl_menu` VALUES (1, '씨솔트 카라멜 콜드 브루', 6500, 3);
INSERT INTO `tbl_menu` VALUES (2, '아이스 슈크림 라떼', 6500, 1);
INSERT INTO `tbl_menu` VALUES (3, '유자&오렌지 에너지 피지오', 6300, 1);
INSERT INTO `tbl_menu` VALUES (4, '체리&자두 에너지 피지오', 6300, 1);
INSERT INTO `tbl_menu` VALUES (5, '스타벅스 딸기 라떼', 6500, 1);
INSERT INTO `tbl_menu` VALUES (6, '아이스 카페 아메리카노', 4700, 1);
INSERT INTO `tbl_menu` VALUES (8, '카페 아메리카노', 4700, 1);
INSERT INTO `tbl_menu` VALUES (9, '아이스 카페 라떼', 5200, 2);
INSERT INTO `tbl_menu` VALUES (10, '아이스 커피', 4500, 1);
INSERT INTO `tbl_menu` VALUES (11, '아이스 블론드 카페 아메리카노', 4700, 1);
INSERT INTO `tbl_menu` VALUES (12, '아이스 자몽 허니 블랙티', 5900, 1);
INSERT INTO `tbl_menu` VALUES (13, '아이스 플랫 화이트', 5800, 1);
INSERT INTO `tbl_menu` VALUES (15, '아이스 카페 모카', 5700, 1);
INSERT INTO `tbl_menu` VALUES (16, '아이스 카푸치노', 5200, 1);
INSERT INTO `tbl_menu` VALUES (17, '아이스 카라멜 마키아또', 6100, 1);
INSERT INTO `tbl_menu` VALUES (18, '아이스 화이트 초콜릿 모카', 6100, 1);
INSERT INTO `tbl_menu` VALUES (19, '커피 스타벅스 더블 샷', 5300, 1);
INSERT INTO `tbl_menu` VALUES (20, '바닐라 스타벅스 더블 샷', 5300, 1);
INSERT INTO `tbl_menu` VALUES (21, '헤이즐넛 스타벅스 더블 샷', 5300, 1);
INSERT INTO `tbl_menu` VALUES (22, '에스프레소', 3900, 1);
INSERT INTO `tbl_menu` VALUES (23, '에스프레소 마키아또', 3900, 1);
INSERT INTO `tbl_menu` VALUES (24, '에스프레소 콘파나', 4100, 1);
INSERT INTO `tbl_menu` VALUES (25, '아이스 슈크림 라떼', 6500, 2);
INSERT INTO `tbl_menu` VALUES (26, '스타벅스 딸기 라떼', 6500, 2);
INSERT INTO `tbl_menu` VALUES (27, '아이스 카페 라떼', 5200, 2);
INSERT INTO `tbl_menu` VALUES (30, '아이스 스타벅스 돌체 라떼', 6100, 2);
INSERT INTO `tbl_menu` VALUES (32, '아이스 블론드 슈크림 라떼', 6500, 2);
INSERT INTO `tbl_menu` VALUES (33, '아이스 블론드 카페 라떼', 5200, 2);
INSERT INTO `tbl_menu` VALUES (34, '아이스 블론드 스타벅스 돌체 라떼', 6100, 2);
INSERT INTO `tbl_menu` VALUES (35, '아이스 제주 말차 라떼', 6100, 2);
INSERT INTO `tbl_menu` VALUES (36, '아이스 인절미 제주 말차 라떼', 7900, 2);
INSERT INTO `tbl_menu` VALUES (37, '콜드 브루', 5100, 3);
INSERT INTO `tbl_menu` VALUES (38, '돌체 콜드 브루', 6000, 3);
INSERT INTO `tbl_menu` VALUES (39, '바닐라 크림 콜드 브루', 6000, 3);
INSERT INTO `tbl_menu` VALUES (40, '오트 콜드 브루', 6000, 3);
INSERT INTO `tbl_menu` VALUES (41, '나이트로 바닐라 크림', 6300, 3);
INSERT INTO `tbl_menu` VALUES (42, '나이트로 콜드 브루', 6200, 3);
INSERT INTO `tbl_menu` VALUES (43, '흑임자 크림 콜드 브루', 7500, 3);
INSERT INTO `tbl_menu` VALUES (44, '여수 윤슬 헤이즐넛 콜드 브루', 7500, 3);

    -- INSERT INTO tbl_option (수정됨: 옵션 타입, 최대 수량, 허용 값 추가)
    -- 필수 옵션
INSERT INTO `tbl_option` VALUES (101, '포장/매장', '포장 또는 매장 이용 여부');
INSERT INTO `tbl_option` VALUES (102, '포장/매장', '포장 또는 매장 이용 여부');
INSERT INTO `tbl_option` VALUES (102, '컵 사이즈', '컵 사이즈 선택');
INSERT INTO `tbl_option` VALUES (103, 'ICED/HOT', 'ICED 또는 HOT 선택');

    -- 선택 옵션
INSERT INTO `tbl_option` VALUES (201, '에스프레소 샷', '에스프레소 샷 추가/빼기 (0~10)', FALSE, 'QUANTITY', 10, NULL);
INSERT INTO `tbl_option` VALUES (202, '시럽', '시럽 추가/빼기 (0~10)', FALSE, 'QUANTITY', 10, NULL);
INSERT INTO `tbl_option` VALUES (203, '얼음', '얼음 양 선택 (없음, 보통, 많이)', FALSE, 'CHOICE', NULL, '없음,보통,많이');

INSERT INTO `tbl_relation` VALUES (101, 1);
INSERT INTO `tbl_relation` VALUES (102, 1);
INSERT INTO `tbl_relation` VALUES (103, 1);
INSERT INTO `tbl_relation` VALUES (101, 2);
INSERT INTO `tbl_relation` VALUES (102, 2);
INSERT INTO `tbl_relation` VALUES (103, 2);
INSERT INTO `tbl_relation` VALUES (101, 3);
INSERT INTO `tbl_relation` VALUES (102, 3);
INSERT INTO `tbl_relation` VALUES (103, 3);
INSERT INTO `tbl_relation` VALUES (101, 4);
INSERT INTO `tbl_relation` VALUES (102, 4);
INSERT INTO `tbl_relation` VALUES (103, 4);
INSERT INTO `tbl_relation` VALUES (101, 5);
INSERT INTO `tbl_relation` VALUES (102, 5);
INSERT INTO `tbl_relation` VALUES (103, 5);
INSERT INTO `tbl_relation` VALUES (101, 6);
INSERT INTO `tbl_relation` VALUES (102, 6);
INSERT INTO `tbl_relation` VALUES (103, 6);
INSERT INTO `tbl_relation` VALUES (101, 8);
INSERT INTO `tbl_relation` VALUES (102, 8);
INSERT INTO `tbl_relation` VALUES (103, 8);
INSERT INTO `tbl_relation` VALUES (101, 9);
INSERT INTO `tbl_relation` VALUES (102, 9);
INSERT INTO `tbl_relation` VALUES (103, 9);
INSERT INTO `tbl_relation` VALUES (101, 10);
INSERT INTO `tbl_relation` VALUES (102, 10);
INSERT INTO `tbl_relation` VALUES (103, 10);
INSERT INTO `tbl_relation` VALUES (101, 11);
INSERT INTO `tbl_relation` VALUES (102, 11);
INSERT INTO `tbl_relation` VALUES (103, 11);
INSERT INTO `tbl_relation` VALUES (101, 12);
INSERT INTO `tbl_relation` VALUES (102, 12);
INSERT INTO `tbl_relation` VALUES (103, 12);
INSERT INTO `tbl_relation` VALUES (101, 13);
INSERT INTO `tbl_relation` VALUES (102, 13);
INSERT INTO `tbl_relation` VALUES (103, 13);
INSERT INTO `tbl_relation` VALUES (101, 15);
INSERT INTO `tbl_relation` VALUES (102, 15);
INSERT INTO `tbl_relation` VALUES (103, 15);
INSERT INTO `tbl_relation` VALUES (101, 16);
INSERT INTO `tbl_relation` VALUES (102, 16);
INSERT INTO `tbl_relation` VALUES (103, 16);
INSERT INTO `tbl_relation` VALUES (101, 17);
INSERT INTO `tbl_relation` VALUES (102, 17);
INSERT INTO `tbl_relation` VALUES (103, 17);
INSERT INTO `tbl_relation` VALUES (101, 18);
INSERT INTO `tbl_relation` VALUES (102, 18);
INSERT INTO `tbl_relation` VALUES (103, 18);
INSERT INTO `tbl_relation` VALUES (101, 19);
INSERT INTO `tbl_relation` VALUES (102, 19);
INSERT INTO `tbl_relation` VALUES (103, 19);
INSERT INTO `tbl_relation` VALUES (101, 20);
INSERT INTO `tbl_relation` VALUES (102, 20);
INSERT INTO `tbl_relation` VALUES (103, 20);
INSERT INTO `tbl_relation` VALUES (101, 21);
INSERT INTO `tbl_relation` VALUES (102, 21);
INSERT INTO `tbl_relation` VALUES (103, 21);
INSERT INTO `tbl_relation` VALUES (101, 22);
INSERT INTO `tbl_relation` VALUES (102, 22);
INSERT INTO `tbl_relation` VALUES (103, 22);
INSERT INTO `tbl_relation` VALUES (101, 23);
INSERT INTO `tbl_relation` VALUES (102, 23);
INSERT INTO `tbl_relation` VALUES (103, 23);
INSERT INTO `tbl_relation` VALUES (101, 24);
INSERT INTO `tbl_relation` VALUES (102, 24);
INSERT INTO `tbl_relation` VALUES (103, 24);
INSERT INTO `tbl_relation` VALUES (101, 25);
INSERT INTO `tbl_relation` VALUES (102, 25);
INSERT INTO `tbl_relation` VALUES (103, 25);
INSERT INTO `tbl_relation` VALUES (101, 26);
INSERT INTO `tbl_relation` VALUES (102, 26);
INSERT INTO `tbl_relation` VALUES (103, 26);
INSERT INTO `tbl_relation` VALUES (101, 27);
INSERT INTO `tbl_relation` VALUES (102, 27);
INSERT INTO `tbl_relation` VALUES (103, 27);
INSERT INTO `tbl_relation` VALUES (101, 30);
INSERT INTO `tbl_relation` VALUES (102, 30);
INSERT INTO `tbl_relation` VALUES (103, 30);
INSERT INTO `tbl_relation` VALUES (101, 32);
INSERT INTO `tbl_relation` VALUES (102, 32);
INSERT INTO `tbl_relation` VALUES (103, 32);
INSERT INTO `tbl_relation` VALUES (101, 33);
INSERT INTO `tbl_relation` VALUES (102, 33);
INSERT INTO `tbl_relation` VALUES (103, 33);
INSERT INTO `tbl_relation` VALUES (101, 34);
INSERT INTO `tbl_relation` VALUES (102, 34);
INSERT INTO `tbl_relation` VALUES (103, 34);
INSERT INTO `tbl_relation` VALUES (101, 35);
INSERT INTO `tbl_relation` VALUES (102, 35);
INSERT INTO `tbl_relation` VALUES (103, 35);
INSERT INTO `tbl_relation` VALUES (101, 36);
INSERT INTO `tbl_relation` VALUES (102, 36);
INSERT INTO `tbl_relation` VALUES (103, 36);
INSERT INTO `tbl_relation` VALUES (101, 37);
INSERT INTO `tbl_relation` VALUES (102, 37);
INSERT INTO `tbl_relation` VALUES (103, 37);
INSERT INTO `tbl_relation` VALUES (101, 38);
INSERT INTO `tbl_relation` VALUES (102, 38);
INSERT INTO `tbl_relation` VALUES (103, 38);
INSERT INTO `tbl_relation` VALUES (101, 39);
INSERT INTO `tbl_relation` VALUES (102, 39);
INSERT INTO `tbl_relation` VALUES (103, 39);
INSERT INTO `tbl_relation` VALUES (101, 40);
INSERT INTO `tbl_relation` VALUES (102, 40);
INSERT INTO `tbl_relation` VALUES (103, 40);
INSERT INTO `tbl_relation` VALUES (101, 41);
INSERT INTO `tbl_relation` VALUES (102, 41);
INSERT INTO `tbl_relation` VALUES (103, 41);
INSERT INTO `tbl_relation` VALUES (101, 42);
INSERT INTO `tbl_relation` VALUES (102, 42);
INSERT INTO `tbl_relation` VALUES (103, 42);
INSERT INTO `tbl_relation` VALUES (101, 43);
INSERT INTO `tbl_relation` VALUES (102, 43);
INSERT INTO `tbl_relation` VALUES (103, 43);
INSERT INTO `tbl_relation` VALUES (101, 44);
INSERT INTO `tbl_relation` VALUES (102, 44);
INSERT INTO `tbl_relation` VALUES (103, 44);
    -- 선택 옵션 "에스프레소 샷" (ID 201)을 모든 메뉴에 연결
INSERT INTO `tbl_relation` VALUES (201, 1);
INSERT INTO `tbl_relation` VALUES (201, 2);
INSERT INTO `tbl_relation` VALUES (201, 3);
INSERT INTO `tbl_relation` VALUES (201, 4);
INSERT INTO `tbl_relation` VALUES (201, 5);
INSERT INTO `tbl_relation` VALUES (201, 6);
INSERT INTO `tbl_relation` VALUES (201, 8);
INSERT INTO `tbl_relation` VALUES (201, 9);
INSERT INTO `tbl_relation` VALUES (201, 10);
INSERT INTO `tbl_relation` VALUES (201, 11);
INSERT INTO `tbl_relation` VALUES (201, 12);
INSERT INTO `tbl_relation` VALUES (201, 13);
INSERT INTO `tbl_relation` VALUES (201, 15);
INSERT INTO `tbl_relation` VALUES (201, 16);
INSERT INTO `tbl_relation` VALUES (201, 17);
INSERT INTO `tbl_relation` VALUES (201, 18);
INSERT INTO `tbl_relation` VALUES (201, 19);
INSERT INTO `tbl_relation` VALUES (201, 20);
INSERT INTO `tbl_relation` VALUES (201, 21);
INSERT INTO `tbl_relation` VALUES (201, 22);
INSERT INTO `tbl_relation` VALUES (201, 23);
INSERT INTO `tbl_relation` VALUES (201, 24);
INSERT INTO `tbl_relation` VALUES (201, 25);
INSERT INTO `tbl_relation` VALUES (201, 26);
INSERT INTO `tbl_relation` VALUES (201, 27);
INSERT INTO `tbl_relation` VALUES (201, 30);
INSERT INTO `tbl_relation` VALUES (201, 32);
INSERT INTO `tbl_relation` VALUES (201, 33);
INSERT INTO `tbl_relation` VALUES (201, 34);
INSERT INTO `tbl_relation` VALUES (201, 35);
INSERT INTO `tbl_relation` VALUES (201, 36);
INSERT INTO `tbl_relation` VALUES (201, 37);
INSERT INTO `tbl_relation` VALUES (201, 38);
INSERT INTO `tbl_relation` VALUES (201, 39);
INSERT INTO `tbl_relation` VALUES (201, 40);
INSERT INTO `tbl_relation` VALUES (201, 41);
INSERT INTO `tbl_relation` VALUES (201, 42);
INSERT INTO `tbl_relation` VALUES (201, 43);
INSERT INTO `tbl_relation` VALUES (201, 44);
    -- 선택 옵션 "시럽" (ID 202)을 모든 메뉴에 연결
INSERT INTO `tbl_relation` VALUES (202, 1);
INSERT INTO `tbl_relation` VALUES (202, 2);
INSERT INTO `tbl_relation` VALUES (202, 3);
INSERT INTO `tbl_relation` VALUES (202, 4);
INSERT INTO `tbl_relation` VALUES (202, 5);
INSERT INTO `tbl_relation` VALUES (202, 6);
INSERT INTO `tbl_relation` VALUES (202, 8);
INSERT INTO `tbl_relation` VALUES (202, 9);
INSERT INTO `tbl_relation` VALUES (202, 10);
INSERT INTO `tbl_relation` VALUES (202, 11);
INSERT INTO `tbl_relation` VALUES (202, 12);
INSERT INTO `tbl_relation` VALUES (202, 13);
INSERT INTO `tbl_relation` VALUES (202, 15);
INSERT INTO `tbl_relation` VALUES (202, 16);
INSERT INTO `tbl_relation` VALUES (202, 17);
INSERT INTO `tbl_relation` VALUES (202, 18);
INSERT INTO `tbl_relation` VALUES (202, 19);
INSERT INTO `tbl_relation` VALUES (202, 20);
INSERT INTO `tbl_relation` VALUES (202, 21);
INSERT INTO `tbl_relation` VALUES (202, 22);
INSERT INTO `tbl_relation` VALUES (202, 23);
INSERT INTO `tbl_relation` VALUES (202, 24);
INSERT INTO `tbl_relation` VALUES (202, 25);
INSERT INTO `tbl_relation` VALUES (202, 26);
INSERT INTO `tbl_relation` VALUES (202, 27);
INSERT INTO `tbl_relation` VALUES (202, 30);
INSERT INTO `tbl_relation` VALUES (202, 32);
INSERT INTO `tbl_relation` VALUES (202, 33);
INSERT INTO `tbl_relation` VALUES (202, 34);
INSERT INTO `tbl_relation` VALUES (202, 35);
INSERT INTO `tbl_relation` VALUES (202, 36);
INSERT INTO `tbl_relation` VALUES (202, 37);
INSERT INTO `tbl_relation` VALUES (202, 38);
INSERT INTO `tbl_relation` VALUES (202, 39);
INSERT INTO `tbl_relation` VALUES (202, 40);
INSERT INTO `tbl_relation` VALUES (202, 41);
INSERT INTO `tbl_relation` VALUES (202, 42);
INSERT INTO `tbl_relation` VALUES (202, 43);
INSERT INTO `tbl_relation` VALUES (202, 44);

    -- 선택 옵션 "얼음" (ID 203)을 모든 메뉴에 연결 (HOT 메뉴에는 의미가 없을 수 있음)
INSERT INTO `tbl_relation` VALUES (203, 1);
INSERT INTO `tbl_relation` VALUES (203, 2);
INSERT INTO `tbl_relation` VALUES (203, 3);
INSERT INTO `tbl_relation` VALUES (203, 4);
INSERT INTO `tbl_relation` VALUES (203, 5);
INSERT INTO `tbl_relation` VALUES (203, 6);
INSERT INTO `tbl_relation` VALUES (203, 8);
INSERT INTO `tbl_relation` VALUES (203, 9);
INSERT INTO `tbl_relation` VALUES (203, 10);
INSERT INTO `tbl_relation` VALUES (203, 11);
INSERT INTO `tbl_relation` VALUES (203, 12);
INSERT INTO `tbl_relation` VALUES (203, 13);
INSERT INTO `tbl_relation` VALUES (203, 15);
INSERT INTO `tbl_relation` VALUES (203, 16);
INSERT INTO `tbl_relation` VALUES (203, 17);
INSERT INTO `tbl_relation` VALUES (203, 18);
INSERT INTO `tbl_relation` VALUES (203, 19);
INSERT INTO `tbl_relation` VALUES (203, 20);
INSERT INTO `tbl_relation` VALUES (203, 21);
INSERT INTO `tbl_relation` VALUES (203, 22);
INSERT INTO `tbl_relation` VALUES (203, 23);
INSERT INTO `tbl_relation` VALUES (203, 24);
INSERT INTO `tbl_relation` VALUES (203, 25);
INSERT INTO `tbl_relation` VALUES (203, 26);
INSERT INTO `tbl_relation` VALUES (203, 27);
INSERT INTO `tbl_relation` VALUES (203, 30);
INSERT INTO `tbl_relation` VALUES (203, 32);
INSERT INTO `tbl_relation` VALUES (203, 33);
INSERT INTO `tbl_relation` VALUES (203, 34);
INSERT INTO `tbl_relation` VALUES (203, 35);
INSERT INTO `tbl_relation` VALUES (203, 36);
INSERT INTO `tbl_relation` VALUES (203, 37);
INSERT INTO `tbl_relation` VALUES (203, 38);
INSERT INTO `tbl_relation` VALUES (203, 39);
INSERT INTO `tbl_relation` VALUES (203, 40);
INSERT INTO `tbl_relation` VALUES (203, 41);
INSERT INTO `tbl_relation` VALUES (203, 42);
INSERT INTO `tbl_relation` VALUES (203, 43);
INSERT INTO `tbl_relation` VALUES (203, 44);
>>>>>>> d7a4a0db79352fea65231d01010943fc0553b958
